3c46c5a4-6111-418b-a60f-bde9878725b1,EBAY, Violates listing_status_id foreign key. Email address needs to be valid.
fb333883-69cf-4a7e-bf51-ed415cbd5392,AMAZON, Email address needs to be valid.
a347029a-83f5-492a-9a60-2bf5e76c6c2c,AMAZON, Upload_time cannot be null.
c6fb686e-f369-49b2-a9f9-8850d6b1534d,AMAZON, Email address needs to be valid.
8e4659cf-05e3-49d0-aaea-684f816f1574,AMAZON, Listing_price needs to be greater than 0 and can only have 2 decimals. Violates listing_status_id foreign key. Upload_time cannot be null.
d9662855-5e74-400f-b0d0-1df6b95c64b8,EBAY, Email address needs to be valid.
ab6cf99c-c09e-4d5c-8191-0ef126fd70e6,AMAZON, Violates listing_status_id foreign key.
3835b80e-e4aa-483d-a1a9-6369d8fb2e66,AMAZON, Violates listing_status_id foreign key.
b9e9a7d5-60dc-4639-963e-16409ec4b857,EBAY, Email address needs to be valid.
ef3316f8-b39f-4152-a318-93062a5f8c8c,AMAZON, Email address needs to be valid.
421ec99b-cfe3-43f3-afee-b734615e6569,EBAY, Upload_time cannot be null.
55a4a2da-09ec-4bef-9f07-e8f09df442f8,AMAZON, Listing_price needs to be greater than 0 and can only have 2 decimals.
3d6547d0-173d-46b7-ac0c-d19c34b28978,AMAZON, Listing_price needs to be greater than 0 and can only have 2 decimals. Email address needs to be valid.
db85ffda-8e94-446a-b642-2bed5b79f12d,EBAY, Listing_price needs to be greater than 0 and can only have 2 decimals.
fa6def06-fef9-424a-beeb-db33d1dc39f0,AMAZON, Listing_price needs to be greater than 0 and can only have 2 decimals.
26f31e45-33db-4f50-9657-76674dd8583d,EBAY, Upload_time cannot be null.
b234c6ed-291c-4e3e-b61e-7b2b6e174993,AMAZON, Upload_time cannot be null.
d62b72de-289b-411d-a696-aa6a394aa3b2,AMAZON, Listing_price needs to be greater than 0 and can only have 2 decimals.
2dc42d99-bbe1-4513-9df0-9fba53e32c09,EBAY, Upload_time cannot be null.
6d85fbe3-72da-4ad4-af6b-444ea3e4c075,AMAZON, Upload_time cannot be null.
71a7d59d-c747-44ef-9d0d-df96bd820e05,EBAY, Upload_time cannot be null.
e828de65-1911-4c74-abe5-ab8322046121,AMAZON, Listing_price needs to be greater than 0 and can only have 2 decimals. Violates listing_status_id foreign key. Email address needs to be valid.
b3db7cd7-c3fb-4703-aec8-fdfc69c12744,EBAY, Violates listing_status_id foreign key.
1cae7e84-7ddd-4ca7-8879-9a9f477d6519,AMAZON, Upload_time cannot be null.
795870c0-54ce-480b-afcb-904515256e51,AMAZON, Upload_time cannot be null.
3713cde1-0b79-4143-b96f-e09be78a8ad0,EBAY, Violates listing_status_id foreign key.
c8905b78-da25-4fe4-9599-d22f09147920,AMAZON, Upload_time cannot be null.
3bcbe4db-71ed-46e3-91ae-504ffa28f062,EBAY, Email address needs to be valid.
5d1c1aea-1cbd-470a-a6ed-c4d5cbdf4961,AMAZON, Upload_time cannot be null.
a21a1f20-b9aa-4ec8-bb76-9955c92362a0,AMAZON, Upload_time cannot be null.
d4b6ca53-4dde-49dc-9b8e-372184f8839c,AMAZON, Upload_time cannot be null.
3f52fd21-4b6a-458c-975b-48c8a5b01a02,AMAZON, Upload_time cannot be null.
4b97c25f-2dcb-435e-935d-3c071394282a,EBAY, Violates listing_status_id foreign key. Email address needs to be valid.
e1dd290b-2cb5-41d9-9661-b3e3ef2d0c1d,AMAZON, Violates listing_status_id foreign key. Upload_time cannot be null. Email address needs to be valid.
ca8a5b07-5ebc-4fce-ad9c-7c99f8bbd924,AMAZON, Violates listing_status_id foreign key.
9e11951c-78cc-437e-b317-ce139c92c158,EBAY, Email address needs to be valid.
bddcc1a2-b7f1-455b-848a-87c3af624961,EBAY, Listing_price needs to be greater than 0 and can only have 2 decimals.
d2d75e1a-e7fc-437b-b14b-de4470e35de0,EBAY, Listing_price needs to be greater than 0 and can only have 2 decimals. Upload_time cannot be null.
95b31554-df2e-44f3-9e6e-e1811a3e696c,EBAY, Violates listing_status_id foreign key. Upload_time cannot be null.
f1039565-10a5-4df0-9ca7-8105a21c84ec,EBAY, Violates listing_status_id foreign key.
60358e02-1ff2-4389-9a7d-9ead223e9a4b,EBAY, Violates listing_status_id foreign key.
838854fc-dfca-491f-95e1-6f7768a1c177,EBAY, Listing_price needs to be greater than 0 and can only have 2 decimals.
f7e4a287-6103-4724-a4b9-13010885f35e,EBAY, Email address needs to be valid.
e7ec64d7-cf39-49f0-802d-97057008b14a,EBAY, Email address needs to be valid.
4a616f51-6384-44da-864c-d71992523c86,EBAY, Email address needs to be valid.
ccf364e9-ad45-49fd-b9bf-2b8a0a04fc0a,EBAY, Listing_price needs to be greater than 0 and can only have 2 decimals.
acea4318-ad42-48a3-85eb-6b1d069b5eb9,AMAZON, Listing_price needs to be greater than 0 and can only have 2 decimals. Violates listing_status_id foreign key.
3303090e-028c-4e1f-a7fb-f435863817cb,EBAY, Violates listing_status_id foreign key. Email address needs to be valid.
ff9a3b23-8037-4240-bee1-b9e22bf1c409,AMAZON, Upload_time cannot be null.
bd7bb519-fe52-4913-bb95-59196f80b17e,AMAZON, Listing_price needs to be greater than 0 and can only have 2 decimals. Email address needs to be valid.
414aac80-a7c1-4ab2-be06-03c1bb7c7161,AMAZON, Email address needs to be valid.
e7b6df8c-a7f9-4841-98cb-b4ce89a31e31,AMAZON, Listing_price needs to be greater than 0 and can only have 2 decimals. Violates listing_status_id foreign key. Upload_time cannot be null. Email address needs to be valid.
ade6fad7-c705-4d34-a614-f54ab1942a4a,EBAY, Violates listing_status_id foreign key.
928206f6-1da9-441c-a2d6-4a85a9cf8be5,AMAZON, Violates listing_status_id foreign key.
8bfa5137-cf63-4d16-acf3-cd15b64b7975,AMAZON, Violates listing_status_id foreign key.
a46f0e45-4430-4a90-96be-bfed3521b278,EBAY, Upload_time cannot be null.
27a412b1-a805-4428-9af6-6b8f33381d99,AMAZON, Email address needs to be valid.
39dca509-5527-48d5-b542-478bd3ddfc65,AMAZON, Email address needs to be valid.
e6704292-b056-4339-8353-364978c8d0d1,AMAZON, Listing_price needs to be greater than 0 and can only have 2 decimals.
7c2e24f5-0160-40d7-aa5b-9860401df74a,AMAZON, Listing_price needs to be greater than 0 and can only have 2 decimals. Violates listing_status_id foreign key.
aaa9e08f-6398-4729-8db0-ca4b146d764e,EBAY, Violates listing_status_id foreign key.
7d67b0bb-ee35-4eb3-8a00-6b493f416895,EBAY, Violates listing_status_id foreign key.
acddcac2-0a88-4a35-a65b-b83795db749e,EBAY, Listing_price needs to be greater than 0 and can only have 2 decimals. Violates listing_status_id foreign key.
749d170e-9cea-4856-a467-5dacfa2067db,EBAY, Violates listing_status_id foreign key. Upload_time cannot be null.
8d723a36-c7fb-4637-bb62-71ec272a26ea,EBAY, Violates listing_status_id foreign key.
0be5371c-4f45-4196-ab2d-86910a6946e1,EBAY, Violates listing_status_id foreign key. Upload_time cannot be null. Email address needs to be valid.
f3f1b658-2c3d-444d-8c49-ea1584464624,EBAY, Violates listing_status_id foreign key. Upload_time cannot be null.
febe1ec5-3796-4ad4-8e88-153c2ac92cf5,AMAZON, Violates listing_status_id foreign key.
d5301038-f6db-415b-a89e-0547dfa87ee5,EBAY, Violates listing_status_id foreign key.
0841cde4-07f8-4825-a6f6-24aeb6263a36,EBAY, Listing_price needs to be greater than 0 and can only have 2 decimals. Violates listing_status_id foreign key.
36584806-6ee1-4754-a7a9-4c582c13d99f,AMAZON, Listing_price needs to be greater than 0 and can only have 2 decimals.
68e3a272-3e6e-4635-9442-267d44b4f5dc,AMAZON, Violates listing_status_id foreign key. Upload_time cannot be null.
67598d79-46d3-4897-a02c-be937e437474,AMAZON, Listing_price needs to be greater than 0 and can only have 2 decimals.
dc37a1c0-06a2-4fff-b452-96f80e64095a,EBAY, Upload_time cannot be null.
845b4fe2-bf99-4acf-a551-c0717cda4d40,AMAZON, Violates listing_status_id foreign key.
e329c386-4b29-4f0d-ab31-1f44538837c1,AMAZON, Listing_price needs to be greater than 0 and can only have 2 decimals.
7ce11e20-011e-41cb-b561-08d105a32b9c,AMAZON, Email address needs to be valid.
2be578a4-6236-4a55-a15e-ceb4221c266d,AMAZON, Violates listing_status_id foreign key. Email address needs to be valid.
1f036e40-4edb-4424-a0ac-1f46d7003a3d,EBAY, Email address needs to be valid.
04bc3eef-da54-4e52-b7ff-876ddeb1730b,AMAZON, Upload_time cannot be null.
8e06bcaf-f095-4b7f-bd07-fa8b2772096d,EBAY, Listing_price needs to be greater than 0 and can only have 2 decimals.
a3c48f16-f219-4395-b184-12a712949e32,EBAY, Violates listing_status_id foreign key.
0502b1eb-93bb-402a-9b5f-a8f3f5fbc1bf,EBAY, Upload_time cannot be null.
bb38258d-af19-4fe3-a694-cb2cae676c03,EBAY, Listing_price needs to be greater than 0 and can only have 2 decimals.
da8575d4-ddca-4d50-93f6-18b6ec420f87,AMAZON, Violates listing_status_id foreign key.
277f82be-be56-4963-9dc0-a4197923cd3e,AMAZON, Listing_price needs to be greater than 0 and can only have 2 decimals. Upload_time cannot be null.
657ed90a-278b-4879-8724-aecaaf7bd4db,EBAY, Upload_time cannot be null.
9d29e751-d664-4321-b5d0-3b175da1ffb8,EBAY, Email address needs to be valid.
1da06274-0d19-475f-baec-810749b097a2,AMAZON, Listing_price needs to be greater than 0 and can only have 2 decimals.
9436de13-d308-4fe0-9290-e352764467a2,AMAZON, Violates listing_status_id foreign key.
7e1c6379-1bcf-4ec3-8595-74c03137705c,EBAY, Violates listing_status_id foreign key.
d0c6d9cb-4af4-498c-8af3-41f9b5d1a699,AMAZON, Email address needs to be valid.
ec7a2d65-c957-4902-8d47-c64239d1ebf4,EBAY, Email address needs to be valid.
d36a8721-736b-48bd-a079-2e95a65afde6,EBAY, Listing_price needs to be greater than 0 and can only have 2 decimals.
57492dad-7a7a-4522-a7e5-e01779814043,AMAZON, Email address needs to be valid.
84135b0c-c4bc-4cad-a6e8-34d57cabedea,AMAZON, Email address needs to be valid.
7394bfdf-65a1-4420-84d5-bdbc01fb2289,AMAZON, Violates listing_status_id foreign key.
aec798e0-d483-4895-83d4-02e01abc67e0,EBAY, Listing_price needs to be greater than 0 and can only have 2 decimals.
72e72305-bd7c-493a-b34a-46f39a6bd300,AMAZON, Violates listing_status_id foreign key.
ad9ebaf0-0fc8-46ae-ba2e-5c87d82c10db,EBAY, Violates listing_status_id foreign key. Email address needs to be valid.
198ec9c9-573b-4846-8a32-7036679dc1b9,EBAY, Listing_price needs to be greater than 0 and can only have 2 decimals. Email address needs to be valid.
ffe9044b-9b82-4318-a097-a857c1f84d17,AMAZON, Listing_price needs to be greater than 0 and can only have 2 decimals.
4bc1f00f-7e01-4ee9-8ae1-8c2db04e063f,EBAY, Upload_time cannot be null.
9bd5fdbf-ca9f-446d-8709-275cb5224d76,AMAZON, Violates listing_status_id foreign key. Email address needs to be valid.
4221e500-4e0d-48de-87ed-f8770c144364,AMAZON, Upload_time cannot be null.
731c6bec-0da5-4237-9ddc-c5323cc9a9f7,AMAZON, Upload_time cannot be null.
38ebe4b0-9b61-4ff9-a36c-cc5a06b631b2,AMAZON, Violates listing_status_id foreign key. Upload_time cannot be null.
4e25b50c-a618-4647-b2a0-24f220bb684a,AMAZON, Violates listing_status_id foreign key.
8f8bbebe-78fb-439f-bb66-e01e419bae85,EBAY, Email address needs to be valid.
3d259b64-0035-4e95-b8a8-d8489a9fbd82,EBAY, Email address needs to be valid.
b2e79ed2-34f5-4468-8406-576fce760096,EBAY, Listing_price needs to be greater than 0 and can only have 2 decimals. Violates listing_status_id foreign key.
36bc0f47-b125-4552-9827-cbe90568f4a0,EBAY, Violates listing_status_id foreign key.
5505ffb1-a935-4279-83a8-dcc711cd9dd3,EBAY, Violates listing_status_id foreign key.
14c2cf8b-c34f-4533-900f-c653aa377388,AMAZON, Upload_time cannot be null.
9d96c6d5-6edc-43fb-9257-745663c872b9,AMAZON, Listing_price needs to be greater than 0 and can only have 2 decimals.
17af0c48-822b-4a53-8060-0a9c06ea88a8,EBAY, Email address needs to be valid.
2912cb57-95e3-48c7-becb-8574fe77d636,AMAZON, Listing_price needs to be greater than 0 and can only have 2 decimals.
ceb19794-d46d-4305-91b4-a9000e8da628,AMAZON, Listing_price needs to be greater than 0 and can only have 2 decimals. Upload_time cannot be null.
d2e93213-b4ca-420d-94e6-916d49cfaea3,EBAY, Listing_price needs to be greater than 0 and can only have 2 decimals.
32474348-baf8-4d9c-b920-ebc93291451f,AMAZON, Upload_time cannot be null.
a3697bd8-0375-46a3-bb2a-4c97fa100871,AMAZON, Email address needs to be valid.
79667ec6-6be0-406d-b0ff-08e6925863e4,AMAZON, Upload_time cannot be null.
c95c48bd-dc8c-4f20-a443-58eb1ece3703,AMAZON, Violates listing_status_id foreign key.
50eca966-4d16-4af8-bd7a-565113cb50ea,EBAY, Upload_time cannot be null.
9fdf6156-6899-44ff-89aa-d6dfb700cd36,AMAZON, Email address needs to be valid.
53200e4d-23a8-4ce3-8518-aaeb733d0d67,EBAY, Violates listing_status_id foreign key.
ae7b5be6-e4d4-4d61-a19e-23c5458d3ed8,AMAZON, Upload_time cannot be null.
e8da798a-5d36-4e98-93b4-54a821a6d8f0,EBAY, Upload_time cannot be null.
9070cd84-7027-4598-9c60-2dbd605e75f2,AMAZON, Violates listing_status_id foreign key.
e18c0ea1-3d83-4522-9624-061c185cea9f,EBAY, Listing_price needs to be greater than 0 and can only have 2 decimals.
ffbc27f2-54dc-4fdb-b77f-d281b5bc74f9,EBAY, Violates listing_status_id foreign key.
1f9f078d-1f3e-49ad-a5e6-a9243756f43c,EBAY, Listing_price needs to be greater than 0 and can only have 2 decimals.
f74d08d5-7b5b-4b71-bef6-b1289846ce97,EBAY, Violates listing_status_id foreign key. Email address needs to be valid.
0d2aadd9-1149-45da-96b4-40993af338f8,EBAY, Violates listing_status_id foreign key.
addd98c7-9ee3-419b-9c6f-79cf882ff093,EBAY, Email address needs to be valid.
3f75c7ae-74ee-4b93-97d0-1c8c9abab8ed,AMAZON, Email address needs to be valid.
cb893394-a950-49a9-aa75-127fee55c61d,AMAZON, Violates listing_status_id foreign key. Email address needs to be valid.
bcda222e-73bf-4c1d-a50d-9a63fa149580,EBAY, Email address needs to be valid.
2f260c8f-e9d9-488d-90ec-f534c0d0a4b7,EBAY, Violates listing_status_id foreign key.
555b6d63-c559-49df-80d5-05853181b42c,AMAZON, Listing_price needs to be greater than 0 and can only have 2 decimals. Email address needs to be valid.
741967ca-3264-4da5-a0dd-bd663848553d,EBAY, Violates listing_status_id foreign key.
269bbd85-aa6a-4a19-971b-c0cb139afc0e,AMAZON, Listing_price needs to be greater than 0 and can only have 2 decimals. Violates listing_status_id foreign key.
04fe038c-136a-42d4-8c30-0eeac85b0baf,EBAY, Email address needs to be valid.
1f2b553a-1b5c-4f9e-a141-842d8863ba87,EBAY, Email address needs to be valid.
c258f819-34e3-47c6-9976-9193bb724135,AMAZON, Email address needs to be valid.
360d9dc4-7444-4c59-b6b2-29a1ae1ea032,EBAY, Listing_price needs to be greater than 0 and can only have 2 decimals. Email address needs to be valid.
356bd6f8-d22a-4f57-871d-2367b7e70c91,EBAY, Upload_time cannot be null. Email address needs to be valid.
778697a9-25e3-440e-9e84-a05299e74ab1,AMAZON, Upload_time cannot be null.
d5c20be9-e1a7-4c68-9072-f0214721e28b,EBAY, Email address needs to be valid.
13b04263-37ac-48f6-b455-000acb443cba,AMAZON, Email address needs to be valid.
b83e9b81-80ac-469d-b9a7-ac39f9433ade,EBAY, Email address needs to be valid.
96ef96a9-674f-4bc6-bd7e-e22fb21c0a77,EBAY, Violates listing_status_id foreign key.
80e16c4e-0628-4bea-817d-5059c901cb81,EBAY, Listing_price needs to be greater than 0 and can only have 2 decimals.
b4f00744-f2ca-4785-b558-8c9928d5ac49,AMAZON, Upload_time cannot be null. Email address needs to be valid.
d26f94b0-d6a1-4eb2-aaf8-1f760706615a,AMAZON, Listing_price needs to be greater than 0 and can only have 2 decimals. Violates listing_status_id foreign key.
3ecb84a6-2f62-4a10-bfa8-a02b29f12f46,EBAY, Listing_price needs to be greater than 0 and can only have 2 decimals. Upload_time cannot be null.
5b5de9ed-850d-495c-9f48-dc87ea15b727,EBAY, Violates listing_status_id foreign key. Email address needs to be valid.
1abcfb74-a333-4166-8acd-4c0c4335b40d,AMAZON, Listing_price needs to be greater than 0 and can only have 2 decimals.
5f6f4525-205b-4b5d-b43f-590819433002,AMAZON, Violates listing_status_id foreign key.
92c43e91-8614-4bff-a3e9-f8cf3c7a9602,AMAZON, Violates listing_status_id foreign key.
da49ad54-f0bc-459b-b06e-7d0818d58028,AMAZON, Violates listing_status_id foreign key.
268d3958-e5a9-4b38-879c-fa3b194c9545,AMAZON, Upload_time cannot be null.
a6df6f5a-0f0c-4580-be34-f9be4a7d2673,EBAY, Violates listing_status_id foreign key.
42e963aa-121a-4c49-8dbc-37dd3859694f,AMAZON, Violates listing_status_id foreign key.
36ac5e6c-0c7b-4c00-8618-fed4e2288805,AMAZON, Email address needs to be valid.
3cb711b3-2476-456b-a621-c15514c335dd,EBAY, Violates listing_status_id foreign key.
11420606-8599-4443-bb09-c5645e3e7028,AMAZON, Listing_price needs to be greater than 0 and can only have 2 decimals. Violates listing_status_id foreign key. Upload_time cannot be null.
a5094fa5-2abc-4d08-806a-fd86e4e594b3,EBAY, Upload_time cannot be null.
7feb4cee-487c-43b7-a025-cebc2a948dd5,EBAY, Violates listing_status_id foreign key. Upload_time cannot be null.
1362a83b-00ef-45ca-8d9e-f7ff9c11617b,AMAZON, Violates listing_status_id foreign key.
a427d11b-b3ce-49b0-93cb-33c09872c7da,AMAZON, Upload_time cannot be null. Email address needs to be valid.
52c6868f-bc5c-474f-a574-5b3d7fa465e7,AMAZON, Violates listing_status_id foreign key.
76ee2671-b186-4a64-a684-d594a0a79f41,EBAY, Email address needs to be valid.
5cd5873e-d22a-445b-a1b2-4968d7034c46,EBAY, Listing_price needs to be greater than 0 and can only have 2 decimals. Email address needs to be valid.
c333c7f8-329d-4ed4-ab17-69b5d737c2cc,AMAZON, Violates listing_status_id foreign key. Upload_time cannot be null.
15f4d177-f969-4909-b69c-2aa514f4a34f,EBAY, Email address needs to be valid.
c657bb62-9c97-40f6-b093-9c6cf402c63c,AMAZON, Violates listing_status_id foreign key.
8c13c588-5966-46f8-a4cf-c0fda4ec34e2,AMAZON, Violates listing_status_id foreign key.
530cc9d8-56b9-424e-9bf0-e548c0e97977,AMAZON, Listing_price needs to be greater than 0 and can only have 2 decimals.
5ecbb95a-d4c1-40f4-9f64-ab371572e5e1,AMAZON, Listing_price needs to be greater than 0 and can only have 2 decimals. Violates listing_status_id foreign key.
bd53b2ee-b2f5-4170-8b56-40e36763071a,AMAZON, Listing_price needs to be greater than 0 and can only have 2 decimals. Violates listing_status_id foreign key.
a57c5999-f5d6-4f5d-a01b-61d31bd9119b,AMAZON, Listing_price needs to be greater than 0 and can only have 2 decimals.
71cbd426-22c2-4227-8a6c-fc1db506074d,AMAZON, Listing_price needs to be greater than 0 and can only have 2 decimals.
68bd453a-452a-4859-a579-5a4424cb32c2,AMAZON, Listing_price needs to be greater than 0 and can only have 2 decimals.
9f0be1cb-72f7-4629-991a-fdcafbf7e34b,EBAY, Violates listing_status_id foreign key.
953400a8-d035-459e-bb94-14ce64bbe929,EBAY, Email address needs to be valid.
026de484-454f-4672-b117-a7cb1959f92b,EBAY, Violates listing_status_id foreign key.
bf51b277-e282-4c1e-943b-ad942afec72a,EBAY, Email address needs to be valid.
5e9c9541-2d09-412c-8c8b-45b152f8ba9c,EBAY, Listing_price needs to be greater than 0 and can only have 2 decimals. Violates listing_status_id foreign key.
7a256f38-e218-4814-99b1-37a41d938d9c,AMAZON, Email address needs to be valid.
e6510f35-d5ff-4e71-9c10-30f6458eb713,EBAY, Listing_price needs to be greater than 0 and can only have 2 decimals. Email address needs to be valid.
d916ce8b-edfc-4df9-806f-98e0e37e8ded,EBAY, Violates listing_status_id foreign key.
8a55aec2-1db5-4695-8d14-829676140ba0,EBAY, Email address needs to be valid.
27dcc45f-abf6-401d-96df-3a01e44c950c,AMAZON, Email address needs to be valid.
dc51c07c-b144-4534-876e-c6dee18415d1,AMAZON, Email address needs to be valid.
e2d18e2d-9b9b-408d-97b4-eea5e059f23a,EBAY, Upload_time cannot be null.
6db7e301-76b9-4e42-9435-50621de0f290,EBAY, Violates listing_status_id foreign key.
ab18bc5a-8a35-4d51-a788-88923aae2f57,EBAY, Listing_price needs to be greater than 0 and can only have 2 decimals.
6c1eac72-4f5d-47e3-b9ff-2d75b468df81,AMAZON, Violates listing_status_id foreign key. Email address needs to be valid.
6d3f428f-5177-4ffe-989e-598638b78c56,EBAY, Violates listing_status_id foreign key. Email address needs to be valid.
ffba75f0-86a1-4b95-a94b-7c7f543bef7d,AMAZON, Violates listing_status_id foreign key. Upload_time cannot be null. Email address needs to be valid.
ae680f22-e38d-4fb0-adb9-04c7bfae8b19,EBAY, Violates listing_status_id foreign key.
f584f391-c735-490d-9be0-ba4d50e6905c,EBAY, Email address needs to be valid.
a3e1c3d7-10e2-488f-8916-730a90643dde,AMAZON, Violates listing_status_id foreign key.
1aba3793-86e4-4e65-a3c8-28227a0531c9,AMAZON, Listing_price needs to be greater than 0 and can only have 2 decimals. Violates listing_status_id foreign key. Email address needs to be valid.
46336088-523c-40e1-a3f4-fe4a09b08c26,AMAZON, Violates listing_status_id foreign key.
020b90ea-93d7-47ea-b817-9f73fab1ccfb,AMAZON, Email address needs to be valid.
f290642b-8621-4b29-8a23-fb95d25e2c0b,AMAZON, Upload_time cannot be null.
ffd8350a-a48d-4b6f-a8e2-9fc5f2c4571f,EBAY, Upload_time cannot be null.
8d5097b0-37e7-4cfc-8d4f-7a15d1e46845,AMAZON, Email address needs to be valid.
a37271ee-f9a2-4d08-902d-f5f2911b46e1,EBAY, Upload_time cannot be null.
4e9874a0-6099-4a80-b7b9-1a82b0c309c7,AMAZON, Email address needs to be valid.
4971cc38-7479-4928-872a-ee20d8859ed0,EBAY, Email address needs to be valid.
2032e796-768a-4bbf-af57-639c9ff268dd,AMAZON, Listing_price needs to be greater than 0 and can only have 2 decimals.
15bd94ac-44a7-4cc5-9d2a-e75307106bae,EBAY, Listing_price needs to be greater than 0 and can only have 2 decimals.
b70a429d-2248-4020-ad88-007502952990,AMAZON, Listing_price needs to be greater than 0 and can only have 2 decimals.
1c9e1b28-839b-4f94-a687-5cf7f4acdb95,EBAY, Violates listing_status_id foreign key. Email address needs to be valid.
f273fb6d-c48d-4391-9bf6-25593a9db912,AMAZON, Violates listing_status_id foreign key. Email address needs to be valid.
20deff12-6d6c-4395-8e9d-73820fc68fc6,AMAZON, Upload_time cannot be null.
aff638c5-aa0a-40db-a872-349d2133d0b8,AMAZON, Violates listing_status_id foreign key. Email address needs to be valid.
0f68f9e5-060b-420b-9f45-d832be77cefb,EBAY, Violates listing_status_id foreign key.
67bc74d9-1be3-419f-b87f-f3632e323dc4,AMAZON, Email address needs to be valid.
ace26f70-d4be-4499-8c2e-4bc92447e835,AMAZON, Violates listing_status_id foreign key.
4af8d15d-e2c9-499e-ad4b-b97ad2e2d458,EBAY, Email address needs to be valid.
1fef1bcd-92bf-4b8e-bac3-01c4984fd1d7,EBAY, Upload_time cannot be null.
3303ae46-d3f2-4408-898e-c7c1aba2ff85,EBAY, Violates listing_status_id foreign key.
b9705b42-9604-426a-8a81-b870befe4e5c,AMAZON, Email address needs to be valid.
360a2904-3393-43d5-b4fb-76cd12c2b3db,EBAY, Listing_price needs to be greater than 0 and can only have 2 decimals. Violates listing_status_id foreign key. Email address needs to be valid.
a65ea3c1-9e53-4e08-83a1-2823e59811df,EBAY, Listing_price needs to be greater than 0 and can only have 2 decimals.
18b4d762-1051-4333-980c-dc4cce57c65b,AMAZON, Listing_price needs to be greater than 0 and can only have 2 decimals. Email address needs to be valid.
b6a89e17-fa5d-4205-ae08-0bfc031e949e,EBAY, Violates listing_status_id foreign key.
5bb1f605-b9f6-40cf-93df-c787bd86a665,EBAY, Email address needs to be valid.
588bcb77-1af6-404b-b54a-97868cea15da,EBAY, Listing_price needs to be greater than 0 and can only have 2 decimals. Violates listing_status_id foreign key. Email address needs to be valid.
a263a631-afbd-4ac1-85e2-9398cb8040c2,EBAY, Email address needs to be valid.
aad560a8-6e8a-4f4f-9ea0-d0419a51de40,EBAY, Listing_price needs to be greater than 0 and can only have 2 decimals.
26d18ab4-af2e-45c7-aaec-a84645fa7fc1,AMAZON, Listing_price needs to be greater than 0 and can only have 2 decimals.
c4d91fa2-a96f-4515-8782-d7d297f2f347,AMAZON, Email address needs to be valid.
52963544-805d-45fb-9339-0718d52fe1d7,AMAZON, Email address needs to be valid.
62511665-3faa-4f3d-bf62-756ada530b40,AMAZON, Listing_price needs to be greater than 0 and can only have 2 decimals.
b14b2871-f931-47a8-af7f-4dcb50fbe4a9,EBAY, Email address needs to be valid.
6d180d75-a393-45d7-96ea-e5320f184ad0,AMAZON, Violates listing_status_id foreign key.
1cf00c98-73ea-49eb-bc37-06949b6ef49e,EBAY, Listing_price needs to be greater than 0 and can only have 2 decimals.
f5d190c8-d7cd-4120-a58a-c2f4fce035f1,EBAY, Violates listing_status_id foreign key. Upload_time cannot be null.
301e5a34-dbad-4be3-9c2c-3e03ce06a497,EBAY, Violates listing_status_id foreign key.
e953545a-5793-4af6-91d0-1db29ac159ea,AMAZON, Listing_price needs to be greater than 0 and can only have 2 decimals. Email address needs to be valid.
58644bbc-4db4-4cec-9e6a-2657d71592f6,EBAY, Listing_price needs to be greater than 0 and can only have 2 decimals. Upload_time cannot be null.
c033ef7e-c88c-4c1f-a51c-bacd4e910fc0,AMAZON, Listing_price needs to be greater than 0 and can only have 2 decimals.
9c3cc72a-5d51-4f41-a261-71f846ee83ae,AMAZON, Upload_time cannot be null.
ac1bcbda-fcae-473f-a50c-e9c79cee4ef8,EBAY, Email address needs to be valid.
e34f201d-4f27-43e2-8d2b-dae336a6ff8e,EBAY, Violates listing_status_id foreign key.
f55ec114-60be-47c6-861d-4fe891472ff5,EBAY, Violates listing_status_id foreign key. Upload_time cannot be null. Email address needs to be valid.
fd65b559-243a-4030-badf-00334646a996,AMAZON, Email address needs to be valid.
b86939ee-5530-4e15-a9af-80d6ef71cdc3,AMAZON, Upload_time cannot be null.
129dc7f1-ae97-44e1-82b2-8995293ea841,EBAY, Listing_price needs to be greater than 0 and can only have 2 decimals. Violates listing_status_id foreign key.
f8073277-324f-460b-ab68-129922763701,AMAZON, Violates listing_status_id foreign key. Email address needs to be valid.
92feedcd-8935-4679-9dfb-4e4a625e1cff,EBAY, Upload_time cannot be null. Email address needs to be valid.
6ffdbfee-a462-4bee-99ab-b53f247640a2,AMAZON, Violates listing_status_id foreign key. Email address needs to be valid.
1c55b1af-f45f-448e-a619-9be82bd4179b,EBAY, Listing_price needs to be greater than 0 and can only have 2 decimals.
15eaa0c1-8f1d-4c4a-89bb-7af1daeed6cb,AMAZON, Violates listing_status_id foreign key. Email address needs to be valid.
23446c6c-c9b1-4adf-8500-68f55dc2c6bd,EBAY, Upload_time cannot be null.
dd34b4bb-923a-4b69-9beb-90fb5f71834a,AMAZON, Violates listing_status_id foreign key.
b141386f-1b5e-47ba-b981-9ee5c3c69c1d,AMAZON, Email address needs to be valid.
b8a85bd3-baf8-45d3-8b36-5fe8c7c9f1ea,AMAZON, Email address needs to be valid.
bc8e6d59-5571-4d22-92b5-84784af330cb,EBAY, Listing_price needs to be greater than 0 and can only have 2 decimals.
aac3a7ac-f8e0-4c3e-b78c-4482cc54a5c3,AMAZON, Upload_time cannot be null.
b422820a-583e-42a7-85ce-515647c55357,AMAZON, Email address needs to be valid.
bf167c24-61a5-424f-9f41-2b3bd2bda9f9,EBAY, Violates listing_status_id foreign key.
faaec336-2db1-4866-98a1-2c6e707720e0,AMAZON, Violates listing_status_id foreign key. Email address needs to be valid.
232ae44c-f6f7-444f-bc75-dea71ecc26f6,AMAZON, Listing_price needs to be greater than 0 and can only have 2 decimals.
7796170c-756a-4181-b2ed-bbb45ea630e0,AMAZON, Email address needs to be valid.
5d72f9c5-eb6f-408a-899b-06c6d9a6fa3c,AMAZON, Email address needs to be valid.
cf88ecba-8536-4a12-a104-06fdb7da6105,EBAY, Listing_price needs to be greater than 0 and can only have 2 decimals. Violates listing_status_id foreign key.
e8451726-0747-40b3-8534-30291a144631,EBAY, Violates listing_status_id foreign key. Upload_time cannot be null.
ab0f349b-c680-46af-bcb6-01abea722bcd,EBAY, Email address needs to be valid.
f9109d3a-85e2-46b0-9a21-d13036f0d4cb,EBAY, Violates listing_status_id foreign key.
925da18a-cee5-45eb-b608-aba64d98ce4c,AMAZON, Violates listing_status_id foreign key.
f3b0645a-080f-4049-bc04-6e73129a7887,AMAZON, Upload_time cannot be null.
fddd0b28-0241-4f2e-8fa1-077d37aaf9a6,AMAZON, Email address needs to be valid.
b294ebea-f690-4ac1-874e-f1b64e317e36,EBAY, Email address needs to be valid.
156f2d33-b578-4399-b2d3-587cb06a372c,AMAZON, Violates listing_status_id foreign key. Email address needs to be valid.
635af71d-3d74-4f08-b5d4-b18f2306c4a6,AMAZON, Listing_price needs to be greater than 0 and can only have 2 decimals. Email address needs to be valid.
69cd0eaf-1465-4e2e-832a-240c57afc2d7,EBAY, Violates listing_status_id foreign key. Email address needs to be valid.
0213a214-74ad-4f68-a01d-fd764dd35dae,EBAY, Upload_time cannot be null.
c7c3d2fa-e953-41f7-8e09-2a78d5d56f8f,AMAZON, Email address needs to be valid.
026560f1-2fc4-47d1-aa7c-027c14ac7b72,EBAY, Email address needs to be valid.
52c2c8f4-6c08-4fa0-837f-9b8df62d3559,AMAZON, Violates listing_status_id foreign key. Upload_time cannot be null.
08efb097-9dda-4707-9489-7cc135233303,AMAZON, Upload_time cannot be null.
728489bc-532a-47a8-9276-a498ebf73d5a,AMAZON, Violates listing_status_id foreign key.
532206a2-5edd-408c-90fb-db070035d299,EBAY, Violates listing_status_id foreign key. Upload_time cannot be null.
bf3ec281-0070-4c97-9f73-0790c7e32f6c,EBAY, Email address needs to be valid.
83ca5d48-a993-44b8-ba00-04e8f9f59d5e,AMAZON, Violates listing_status_id foreign key.
1e75c5ca-b7e8-4a9a-b21f-4c4d2fbc4eea,AMAZON, Email address needs to be valid.
20afd0ab-d2eb-4fb3-a940-c91d794739b2,AMAZON, Listing_price needs to be greater than 0 and can only have 2 decimals.
45f7114c-32bd-4351-960a-8f8adea70bab,EBAY, Email address needs to be valid.
7ad09712-37f6-4192-b6b0-2c0a47c3ac1a,EBAY, Violates listing_status_id foreign key. Email address needs to be valid.
381baa87-33f2-4ce8-b3ab-22ced5117df2,EBAY, Violates listing_status_id foreign key. Upload_time cannot be null.
3ef8d6b3-797b-47d9-ae35-0d0ee067ae0b,AMAZON, Violates listing_status_id foreign key.
60de9995-5083-4280-803b-6b7de67022ed,EBAY, Email address needs to be valid.
7918c5b4-16ef-4f90-9f6d-ed3138ea84d5,AMAZON, Violates listing_status_id foreign key.
adaac657-909b-4599-aafd-0315546bf1df,AMAZON, Violates listing_status_id foreign key.
9862593d-aafd-45df-95f8-fe2f433afdda,EBAY, Email address needs to be valid.
2decb24e-ec84-4ade-9177-e3f4b17c1796,AMAZON, Violates listing_status_id foreign key.
c5e4536d-1e3a-4e6a-9a38-ebc927e6e370,EBAY, Listing_price needs to be greater than 0 and can only have 2 decimals. Violates listing_status_id foreign key.
0561175e-c022-4cee-a54a-f41ade34e5d2,AMAZON, Listing_price needs to be greater than 0 and can only have 2 decimals.
26c3fc3c-e74a-4d82-9af0-26c2d07f3b95,AMAZON, Violates listing_status_id foreign key. Email address needs to be valid.
670e55a6-7955-426a-ae6c-e69bec5bcb7f,AMAZON, Listing_price needs to be greater than 0 and can only have 2 decimals. Violates listing_status_id foreign key.
8f23d72c-e4e5-4d93-9c90-5fc2794b2d1b,AMAZON, Listing_price needs to be greater than 0 and can only have 2 decimals. Email address needs to be valid.
baa93e8f-ba8f-432d-b389-350a5098677b,AMAZON, Listing_price needs to be greater than 0 and can only have 2 decimals.
fe16343a-8526-402d-9018-329b92a83532,EBAY, Violates listing_status_id foreign key.
a7bc7781-a4ea-4fa5-a3d2-faba50e653e4,AMAZON, Listing_price needs to be greater than 0 and can only have 2 decimals.
84ddec0d-169b-4d67-bc5b-0a3eb999ffcc,AMAZON, Violates listing_status_id foreign key.
4556db0b-74a4-439f-be3e-eeb01f4509c4,AMAZON, Email address needs to be valid.
fa32917a-e477-452a-93e3-c2f5bb0d5adf,EBAY, Listing_price needs to be greater than 0 and can only have 2 decimals.
2eb1eee4-6be4-4719-ba86-19032c92b69e,AMAZON, Violates listing_status_id foreign key. Upload_time cannot be null.
600937a4-5158-482b-a88a-9f6a4be92194,AMAZON, Listing_price needs to be greater than 0 and can only have 2 decimals.
3f89d798-864a-4c8e-b3d1-8bb9a9b7f0d4,AMAZON, Listing_price needs to be greater than 0 and can only have 2 decimals. Violates listing_status_id foreign key. Upload_time cannot be null. Email address needs to be valid.
ed86d260-44a6-4bb1-844d-1d073a2516bd,AMAZON, Upload_time cannot be null. Email address needs to be valid.
3942666e-a5dc-49ed-a156-ac9fa92010ca,AMAZON, Violates listing_status_id foreign key.
85a607e9-6655-4271-83cf-2494291994ce,EBAY, Listing_price needs to be greater than 0 and can only have 2 decimals.
4c2e5d2c-454a-4216-bf35-77e65972db59,AMAZON, Violates listing_status_id foreign key.
a7ff3cb1-0a0a-45b5-bd84-4cd1cb4a61f2,EBAY, Violates listing_status_id foreign key.
e187a95b-32b2-4e11-9983-a380574cfaaa,AMAZON, Violates listing_status_id foreign key.
a302355f-b1c5-45f5-b13f-e1312114625d,AMAZON, Violates listing_status_id foreign key. Email address needs to be valid.
e5ca1968-4e04-448a-9d55-11d07e8d6285,EBAY, Email address needs to be valid.
d96dc161-8754-41fa-8740-6fea8476474e,EBAY, Violates listing_status_id foreign key. Email address needs to be valid.
d5b756ac-e45f-4b99-99c8-5347e8c0a842,EBAY, Email address needs to be valid.
31030325-1cdb-4b38-922f-1fb8f4daef65,AMAZON, Upload_time cannot be null.
30f2bcd4-cf18-49b2-a016-36cd1a7a699a,AMAZON, Email address needs to be valid.
0ee23ea4-8175-40a0-938b-fedba32aa873,AMAZON, Email address needs to be valid.
e4d00eb9-6d14-4c32-89d5-ab72e1efb137,AMAZON, Email address needs to be valid.
59feebe5-6097-4ceb-8c01-cafd33efd022,AMAZON, Email address needs to be valid.
54d28f31-9058-49a7-95c0-62665180ebad,AMAZON, Violates listing_status_id foreign key.
fc920eef-3ebd-48dd-97ad-abb0a53ca897,AMAZON, Violates listing_status_id foreign key.
895a5e31-7736-49e6-be4a-98185fcca3d3,AMAZON, Violates listing_status_id foreign key.
c874c873-5faa-4177-834b-c79ea4ce923b,AMAZON, Violates listing_status_id foreign key.
5eea05cf-c150-4f19-a52f-c0af42790aa2,EBAY, Violates listing_status_id foreign key.
f65b41e9-caa2-4fe3-8c3c-217220e8a19a,AMAZON, Email address needs to be valid.
8367c970-60de-438b-b612-1f865fcd503f,AMAZON, Violates listing_status_id foreign key.
4118d418-4a7b-409d-88f1-97dcfe82d76c,AMAZON, Email address needs to be valid.
957d1445-e7d6-4128-aa0e-57177ea14d3c,AMAZON, Violates listing_status_id foreign key.
a7089429-56a8-4f12-a5a9-4e35203778ea,AMAZON, Listing_price needs to be greater than 0 and can only have 2 decimals. Upload_time cannot be null. Email address needs to be valid.
6081a115-f582-457b-8a33-440ebb1afe8f,AMAZON, Listing_price needs to be greater than 0 and can only have 2 decimals.
b385e659-93f0-4a64-9bf1-b2233f80d9f4,AMAZON, Violates listing_status_id foreign key.
6d547ba9-62eb-4aba-9d74-7268713c79a6,AMAZON, Violates listing_status_id foreign key.
163f28a1-5201-4bb2-8516-5b7c1d8b12b6,AMAZON, Email address needs to be valid.
5a596704-0dea-4a39-861c-b4c2113e9dde,AMAZON, Listing_price needs to be greater than 0 and can only have 2 decimals.
4ce77e96-1266-47ad-8bbf-e66b1ff7022e,EBAY, Listing_price needs to be greater than 0 and can only have 2 decimals. Email address needs to be valid.
2f62c468-e0cb-49c9-989b-244829ab7117,AMAZON, Listing_price needs to be greater than 0 and can only have 2 decimals.
b7678e51-271d-4258-b496-aaf8cbe00fb4,AMAZON, Violates listing_status_id foreign key.
7898fd91-f97d-4b42-9017-a42217603f27,AMAZON, Listing_price needs to be greater than 0 and can only have 2 decimals. Email address needs to be valid.
0229d351-637a-447d-8f12-5b949762e165,EBAY, Violates listing_status_id foreign key.
e54514d7-6188-4b3a-9b93-ce37f603b61f,EBAY, Violates listing_status_id foreign key.
7831eae0-8d07-40eb-bc75-1449d554a495,AMAZON, Email address needs to be valid.
87486fd5-abea-4c49-a577-067b0cc9847a,EBAY, Listing_price needs to be greater than 0 and can only have 2 decimals. Upload_time cannot be null.
7214b94d-a1f9-4f83-86c4-b7c53720c406,AMAZON, Violates listing_status_id foreign key.
9cb62d4d-40a4-414f-99cd-ac9397ba7faf,AMAZON, Upload_time cannot be null.
42219b9c-63ca-4ed8-ad84-d7cdf5306faf,EBAY, Listing_price needs to be greater than 0 and can only have 2 decimals. Violates listing_status_id foreign key. Email address needs to be valid.
45368022-9512-4df0-a572-f06a2ac81e80,EBAY, Listing_price needs to be greater than 0 and can only have 2 decimals. Violates listing_status_id foreign key.
33a9e045-aa55-4593-8274-09fd0c985e4c,EBAY, Upload_time cannot be null.
33755819-6d8e-4e62-9119-a50df65bad98,AMAZON, Listing_price needs to be greater than 0 and can only have 2 decimals.
fd14da49-43d3-4b32-87c7-05dc45f5a8a2,AMAZON, Listing_price needs to be greater than 0 and can only have 2 decimals.
989e87b6-b77d-4483-bc05-fbe373bd1eeb,EBAY, Violates listing_status_id foreign key.
f47af09d-2ea1-4025-ab7f-4cee7ccac49d,EBAY, Violates listing_status_id foreign key.
d2a37d0a-bcba-4c9a-9833-d67930ee7275,AMAZON, Violates listing_status_id foreign key.
7753bc1f-9a9f-489a-86c3-7a195f39fcf4,AMAZON, Email address needs to be valid.
a6af531f-3bbb-4544-9a44-d8096080dd60,AMAZON, Violates listing_status_id foreign key.
26440955-79fb-42c1-821a-81a8a20d1f23,EBAY, Listing_price needs to be greater than 0 and can only have 2 decimals.
520d561e-6aad-4b6b-9dba-dfcda44811a4,AMAZON, Violates listing_status_id foreign key.
a19ee322-0f6b-419b-a756-d8eebcb7f71d,EBAY, Violates listing_status_id foreign key.
bd1ca4a6-ac4d-419a-bbe9-c188fafd6188,AMAZON, Upload_time cannot be null.
464effde-bd64-4da0-bcdc-a86e6e2bdedc,AMAZON, Email address needs to be valid.
ca162051-3c63-4b69-ad70-4bb67af2ee91,AMAZON, Upload_time cannot be null.
cb8966cb-1fa9-4b8b-a84a-3831e3fe12f0,AMAZON, Violates listing_status_id foreign key.
71c8b317-4906-4e31-9698-3d4d8ea9245e,AMAZON, Violates listing_status_id foreign key.
2f6e102c-c797-492f-850d-8ae05b93f08f,AMAZON, Violates listing_status_id foreign key.
027dce4e-f751-4967-a4fd-c1dcb6755c31,AMAZON, Violates listing_status_id foreign key.
7e3b264d-9d85-4889-9299-d9574db6378f,AMAZON, Listing_price needs to be greater than 0 and can only have 2 decimals.
6f663460-fe45-489e-9116-344c8d8474ad,AMAZON, Listing_price needs to be greater than 0 and can only have 2 decimals. Email address needs to be valid.
9cae2ff0-9f36-4afb-8505-afb9e613a6c8,EBAY, Violates listing_status_id foreign key. Upload_time cannot be null.
f7098fc5-676f-4eb9-a63c-51403b0109e6,EBAY, Violates listing_status_id foreign key.
d2308359-0687-413b-aa65-6caa5bd0fa95,AMAZON, Listing_price needs to be greater than 0 and can only have 2 decimals. Violates listing_status_id foreign key.
8c3fe9cb-7431-41fc-8b8e-4f4ef47661d8,EBAY, Upload_time cannot be null.
8aeb8924-311b-422c-8ae2-aa72d2b20551,AMAZON, Email address needs to be valid.
a25a677f-a9c9-4343-897c-0db68aed2436,AMAZON, Violates listing_status_id foreign key.
f168b6b8-a4a3-4df1-ad0f-b32ad7529051,AMAZON, Listing_price needs to be greater than 0 and can only have 2 decimals.
ab9b841f-0fbf-41ef-911e-75edcb37bf54,EBAY, Email address needs to be valid.
9b310d59-2718-4321-953a-e2b0c642c3a5,AMAZON, Upload_time cannot be null. Email address needs to be valid.
369e9ca5-aa94-4818-a474-975d771fb192,EBAY, Upload_time cannot be null. Email address needs to be valid.
cb9ae3e2-dfff-41fd-91bf-4a85ee9e9978,AMAZON, Listing_price needs to be greater than 0 and can only have 2 decimals.
b2bc754d-de86-4a1d-ad92-92c277c43d2b,AMAZON, Listing_price needs to be greater than 0 and can only have 2 decimals. Upload_time cannot be null.
7d6b6572-5ec9-48ea-a50b-0c713ce3064b,EBAY, Email address needs to be valid.
b2a01e38-5e09-4af1-ab0c-ad4be4ba66a7,AMAZON, Upload_time cannot be null.
baf31cd5-07f7-445c-bb53-d1ac8b6877a4,EBAY, Listing_price needs to be greater than 0 and can only have 2 decimals.
5771d42f-8447-4640-a86f-8efba84e5413,AMAZON, Email address needs to be valid.
a932d0eb-d951-4d2e-aa24-f13c33c63972,AMAZON, Email address needs to be valid.
466e0d38-045f-4f1d-8472-c60339b19778,AMAZON, Listing_price needs to be greater than 0 and can only have 2 decimals.
e363fb30-1f15-4693-871a-988bb497a0db,EBAY, Upload_time cannot be null.
5829b4b9-fc42-4ee3-a36b-4f009d68a4a2,EBAY, Listing_price needs to be greater than 0 and can only have 2 decimals. Violates listing_status_id foreign key.
82846110-1321-4cf3-940e-38dc2cccdda2,EBAY, Violates listing_status_id foreign key.
96998dbd-4ade-4661-a590-c4eb17897667,EBAY, Listing_price needs to be greater than 0 and can only have 2 decimals.
e948e8b5-2125-49c1-b071-a5a070798c39,AMAZON, Listing_price needs to be greater than 0 and can only have 2 decimals.
c517b12e-f4ae-4b5b-8d97-d1a34830a574,AMAZON, Email address needs to be valid.
a8ed3c22-801b-4926-9c4b-716cb49dc54b,EBAY, Violates listing_status_id foreign key. Upload_time cannot be null.
6bf1ece0-802b-4e59-b605-535a3a7f87ee,EBAY, Email address needs to be valid.
cec7d348-cac0-4e79-9694-3ac8d7ec6ac5,EBAY, Listing_price needs to be greater than 0 and can only have 2 decimals. Violates listing_status_id foreign key. Upload_time cannot be null.
2d4c961c-6784-4e4a-8e13-1a4a8b16c8d3,AMAZON, Email address needs to be valid.
e29cf617-903f-4cd1-a8a4-eac8be50ba3a,AMAZON, Upload_time cannot be null.
4ce381f7-eedd-476d-bf11-27c0d3c8c521,EBAY, Violates listing_status_id foreign key.
bdafe072-9ea5-44f5-9f0b-7350ddc6eb03,EBAY, Violates listing_status_id foreign key.
1a1d52d8-a011-4905-b85f-fdbee61f6b19,AMAZON, Email address needs to be valid.
f1b1fe3a-df98-41b6-a991-17e28fde5cef,EBAY, Upload_time cannot be null. Email address needs to be valid.
af56e76d-1b3f-4186-89fe-48de980fe724,AMAZON, Violates listing_status_id foreign key.
35caf048-2395-43a5-a322-73dde86d96f6,AMAZON, Violates listing_status_id foreign key.
4b513b91-03ff-44cf-a399-a54f31b574f0,EBAY, Email address needs to be valid.
6563df3b-8b1e-42a8-bd5f-a24f16478d72,EBAY, Email address needs to be valid.
ad23f34e-5013-4e9d-987e-73f9d31244de,EBAY, Violates listing_status_id foreign key.
2a3cec2e-caaa-4bf7-bc58-b3bbad0d1daa,AMAZON, Listing_price needs to be greater than 0 and can only have 2 decimals.
a5de9a23-0d12-41a3-b36e-e00890974838,AMAZON, Email address needs to be valid.
fe66a0e7-76ac-42d9-b5f1-9318bcb9fb08,AMAZON, Email address needs to be valid.
f5f96749-c465-4d2b-9040-cf8ddededa2e,AMAZON, Listing_price needs to be greater than 0 and can only have 2 decimals.
211b4bd9-893d-4d3b-8b0a-435b60fe9a0e,EBAY, Violates listing_status_id foreign key.
1491138b-f4bd-4fbd-94f9-bc7ab3da74c1,AMAZON, Email address needs to be valid.
e9a0757e-c577-4c35-b290-9b2c0b0f2b42,AMAZON, Email address needs to be valid.
6e1a70ca-7437-4b86-bd1a-f79a2ee186fa,AMAZON, Violates listing_status_id foreign key. Upload_time cannot be null.
d93f35c1-45ba-46ac-9280-8b5593b2c9e5,AMAZON, Violates listing_status_id foreign key.
35d21777-7d22-4815-8e2f-c0a4ac04bccf,EBAY, Listing_price needs to be greater than 0 and can only have 2 decimals.
fdc6a5a9-5be8-4084-ba85-1735be28ed12,EBAY, Violates listing_status_id foreign key.
9298bbdc-311a-418a-8371-56e742579985,EBAY, Upload_time cannot be null. Email address needs to be valid.
ae048d7d-56fb-4791-9787-10ed4cfe5d38,AMAZON, Violates listing_status_id foreign key.
4b2df0bf-c9ab-4894-bb94-41e938c20501,EBAY, Listing_price needs to be greater than 0 and can only have 2 decimals. Email address needs to be valid.
f585bec6-a654-4010-98f3-4759e5c3978a,AMAZON, Listing_price needs to be greater than 0 and can only have 2 decimals. Violates listing_status_id foreign key. Email address needs to be valid.
76f2f50b-797c-4429-bd4a-51b604512554,AMAZON, Violates listing_status_id foreign key.
e631eb8e-f725-4a37-9736-c0e54000f767,AMAZON, Violates listing_status_id foreign key.
69fb40d8-c417-4ca1-b0e8-cba31090f79a,EBAY, Violates listing_status_id foreign key. Email address needs to be valid.
846d05c6-b032-4979-8978-83cd1d691212,AMAZON, Listing_price needs to be greater than 0 and can only have 2 decimals.
3a0ef0a6-45b0-4fb3-a1a3-45c581fd4a03,AMAZON, Listing_price needs to be greater than 0 and can only have 2 decimals.
124d878a-f364-4d72-a0b0-32893528ad89,EBAY, Listing_price needs to be greater than 0 and can only have 2 decimals. Violates listing_status_id foreign key. Email address needs to be valid.
94bf3d58-ca77-4e41-aaec-7eeca3eb266c,AMAZON, Email address needs to be valid.
ce8e6770-60be-442a-a82d-b1d317c41df6,AMAZON, Email address needs to be valid.
168327c0-87b2-4b06-b605-31af2822f499,EBAY, Listing_price needs to be greater than 0 and can only have 2 decimals. Violates listing_status_id foreign key. Email address needs to be valid.
2ad6e33e-323e-43d2-9f08-e30969e0ab98,AMAZON, Upload_time cannot be null.
51aea302-1a54-4ce0-9a83-d096ac2d3cae,AMAZON, Email address needs to be valid.
8d86765e-337f-4172-9101-1728b789a639,EBAY, Violates listing_status_id foreign key.
ec05667e-e9d3-493f-b1d7-8605da328686,AMAZON, Violates listing_status_id foreign key. Email address needs to be valid.
413b62ce-b8db-460c-95bf-e37a6c707c7b,EBAY, Violates listing_status_id foreign key.
19e44be3-a333-47e0-adf0-769bd218dd91,EBAY, Violates listing_status_id foreign key. Email address needs to be valid.
bfcdb779-4cd6-4437-bc49-be0e96dc65d8,EBAY, Listing_price needs to be greater than 0 and can only have 2 decimals.
c590db75-5956-44d1-90c8-711d387c31c1,AMAZON, Listing_price needs to be greater than 0 and can only have 2 decimals. Upload_time cannot be null. Email address needs to be valid.
1ce90e74-8318-4453-995a-0f4da6594315,AMAZON, Listing_price needs to be greater than 0 and can only have 2 decimals. Upload_time cannot be null.
5d6cc17d-e591-4036-8498-bf4a60fe774b,AMAZON, Violates listing_status_id foreign key.
20e6f995-9d22-45dd-b9c3-3134889e5c70,EBAY, Violates listing_status_id foreign key.
bcfc7679-febb-4f05-acdb-3a0a48f83c5c,AMAZON, Violates listing_status_id foreign key. Upload_time cannot be null.
4b5441c4-51e2-4f89-8fe6-b7cc11073b80,AMAZON, Violates listing_status_id foreign key.
77b151b9-693b-46b6-956d-fd3ac68b41e0,AMAZON, Listing_price needs to be greater than 0 and can only have 2 decimals.
63c50011-d4b0-4ccd-afa7-b6fc04ca4378,AMAZON, Violates listing_status_id foreign key.
d0ba5a24-f324-418d-b29b-7b802fbf56a6,EBAY, Listing_price needs to be greater than 0 and can only have 2 decimals.
a434f9a9-a495-4bbb-af66-baa9f84cf882,EBAY, Violates listing_status_id foreign key.
603fcdcb-61f1-4f6b-b467-7647087ec322,EBAY, Violates listing_status_id foreign key. Email address needs to be valid.
2929e949-ab5f-46fb-96d4-1faf6d493cb5,AMAZON, Violates listing_status_id foreign key. Upload_time cannot be null. Email address needs to be valid.
31be5e7e-4a35-4427-aea9-8e66537bbddd,EBAY, Listing_price needs to be greater than 0 and can only have 2 decimals.
e6ba3b3c-53e1-4e1f-9b36-bf7491c021f6,AMAZON, Email address needs to be valid.
e5d6ef7e-bbfb-4228-ad94-ddb0478bf656,AMAZON, Violates listing_status_id foreign key.
340f70a4-f44d-4ca5-842c-ac39a60515ec,AMAZON, Upload_time cannot be null. Email address needs to be valid.
ceccc5aa-08bc-47da-aa38-384a3b7b0ad0,AMAZON, Violates listing_status_id foreign key. Upload_time cannot be null.
9f83f113-8125-460b-818f-7261e892bf90,EBAY, Violates listing_status_id foreign key.
963e6f7c-2373-4441-a467-2f2edd7f145b,AMAZON, Listing_price needs to be greater than 0 and can only have 2 decimals. Upload_time cannot be null.
cd5e61e4-266b-4735-9ae9-56b0cdf2f2c5,EBAY, Listing_price needs to be greater than 0 and can only have 2 decimals.
828c531a-102e-4449-b801-f3c89ae82840,AMAZON, Violates listing_status_id foreign key.
7c71ad08-f42e-4cd4-8654-539f1112afba,AMAZON, Violates listing_status_id foreign key.
ec1392b0-14b4-4705-a7ee-905dc4128639,AMAZON, Upload_time cannot be null.
de5994a0-6ce7-4416-8bec-7171fa17bde0,EBAY, Upload_time cannot be null. Email address needs to be valid.
3937adf0-1ccc-4dab-b0f1-19975d7266c6,AMAZON, Violates listing_status_id foreign key. Upload_time cannot be null.
27763f15-2408-4d9b-97f7-3ef10e7c1ae0,EBAY, Violates listing_status_id foreign key. Upload_time cannot be null. Email address needs to be valid.
4ad55991-2132-4576-aef4-c7abed1e78f8,AMAZON, Listing_price needs to be greater than 0 and can only have 2 decimals.
e8913988-6a8e-4303-8c2a-49a3cd6f9c4e,EBAY, Violates listing_status_id foreign key. Email address needs to be valid.
aa24de34-31ea-4ab7-9ef4-c519300c09a4,AMAZON, Violates listing_status_id foreign key.
55ccb253-0cd6-48af-8d91-9b82701db6f6,AMAZON, Listing_price needs to be greater than 0 and can only have 2 decimals. Violates listing_status_id foreign key.
dc9b9d0e-3d82-4e4a-923b-3af6999b7cea,AMAZON, Listing_price needs to be greater than 0 and can only have 2 decimals.
388db7ba-a819-420d-a4d2-a4975feee649,AMAZON, Violates listing_status_id foreign key.
61fc4f18-5b81-456b-8da6-b5d84f36ce02,AMAZON, Email address needs to be valid.
9a207ba7-3230-4f47-a661-1770a7ca4052,AMAZON, Upload_time cannot be null.
87ff6d17-083b-46df-bed7-6f0935b5e4e0,AMAZON, Listing_price needs to be greater than 0 and can only have 2 decimals. Email address needs to be valid.
0f92e26b-2a26-48af-bbd4-3dab0b77b1fd,AMAZON, Email address needs to be valid.
4e344692-a76d-43c7-9bbf-a77e5d159fa8,AMAZON, Violates listing_status_id foreign key.
678acedb-f8ee-4f71-9f79-2fd79929a739,EBAY, Listing_price needs to be greater than 0 and can only have 2 decimals. Violates listing_status_id foreign key. Email address needs to be valid.
4371b0fd-0c85-43d8-8cb8-f38c879991f4,AMAZON, Violates listing_status_id foreign key. Upload_time cannot be null.
f4fb4e0e-07d7-44fe-aa1e-923d7adc11cb,EBAY, Violates listing_status_id foreign key. Upload_time cannot be null.
a311ee00-fdbd-4ece-a03a-e786a45af54a,AMAZON, Violates listing_status_id foreign key.
ab15e99d-75d1-4530-be5b-5544dd0e74b2,AMAZON, Listing_price needs to be greater than 0 and can only have 2 decimals.
91c8f9d4-00e8-4bfa-a4b2-17bfc4c039d0,EBAY, Violates listing_status_id foreign key.
88f0329c-c2d8-4912-aa70-0e7b62e94cc1,EBAY, Upload_time cannot be null.
cecd4d12-b6c4-489c-a93c-398e9b357520,EBAY, Violates listing_status_id foreign key.
5178ffb3-5e76-4231-8076-1ff3bcbc5d45,AMAZON, Listing_price needs to be greater than 0 and can only have 2 decimals.
c9a7c37d-c2e8-4dd6-ab17-c6f85c987f87,EBAY, Listing_price needs to be greater than 0 and can only have 2 decimals.
ed65cba7-8654-4ca1-adec-d826e343bdf4,EBAY, Listing_price needs to be greater than 0 and can only have 2 decimals.
772029d8-076e-42d9-81db-4a70a4724b93,EBAY, Email address needs to be valid.
7220e518-1789-44e2-b607-ca0ac68285b8,EBAY, Listing_price needs to be greater than 0 and can only have 2 decimals.
ce5e4f9b-be2a-4956-af22-0f85a1435a8c,EBAY, Listing_price needs to be greater than 0 and can only have 2 decimals.
0d59697c-5d24-43bb-8d75-9d19481bb66d,EBAY, Violates listing_status_id foreign key.
d62680ad-3891-4ef6-ad05-0ed7d12f1409,AMAZON, Violates listing_status_id foreign key.
8a069e1d-4ce5-4043-bace-b7cab1872246,EBAY, Upload_time cannot be null.
9917d9db-f689-444d-b845-4e910bcb0a70,EBAY, Listing_price needs to be greater than 0 and can only have 2 decimals. Upload_time cannot be null. Email address needs to be valid.
7dbdf5ee-4d3d-44f4-9054-cd77aa0b6916,EBAY, Listing_price needs to be greater than 0 and can only have 2 decimals. Violates listing_status_id foreign key. Email address needs to be valid.
0538e6ba-e404-446b-bf5d-13cab79997f0,AMAZON, Email address needs to be valid.
503575cd-832f-4e3f-8d9a-425bd82809db,AMAZON, Listing_price needs to be greater than 0 and can only have 2 decimals. Violates listing_status_id foreign key. Email address needs to be valid.
36748a30-f194-4ca6-8181-4921f3d0b1ff,AMAZON, Email address needs to be valid.
92312c3e-4b79-4d45-9b46-e774d98c9859,EBAY, Listing_price needs to be greater than 0 and can only have 2 decimals. Email address needs to be valid.
b4924000-b612-425b-87ce-3c1278d33c32,EBAY, Email address needs to be valid.
e0dfdaf6-a972-4acd-a8e1-5cb3a91556eb,AMAZON, Violates listing_status_id foreign key.
4231aa1b-bde1-479e-bc13-72412ad53eaa,EBAY, Email address needs to be valid.
e1b1ad76-a16d-434b-995a-ed61c0b0d749,AMAZON, Listing_price needs to be greater than 0 and can only have 2 decimals. Violates listing_status_id foreign key.
91cb889a-dbfe-4163-b351-082ddbf6c4b6,EBAY, Violates listing_status_id foreign key. Email address needs to be valid.
b1d912bc-db90-406d-bbbb-7e0135c28113,EBAY, Violates listing_status_id foreign key.
c6981e05-650d-4fb7-ac29-7988f5cd86b0,EBAY, Email address needs to be valid.
34421762-2e14-4b44-8edc-ff091b431be5,AMAZON, Listing_price needs to be greater than 0 and can only have 2 decimals. Violates listing_status_id foreign key.
89e5d8d0-916e-4665-8b88-a6cfd50f65d0,AMAZON, Listing_price needs to be greater than 0 and can only have 2 decimals. Violates listing_status_id foreign key.
7728c47f-40ee-4be6-bdb3-bb454ef0ef04,AMAZON, Violates listing_status_id foreign key.
62481d31-4544-494d-9305-4a81f7fe87c3,AMAZON, Violates listing_status_id foreign key.
7e570ce3-f44a-4ade-8cca-b0c395256452,AMAZON, Listing_price needs to be greater than 0 and can only have 2 decimals.
40d155e3-d1a7-4248-a7f9-91c248d0ec1b,EBAY, Upload_time cannot be null. Email address needs to be valid.
1478d347-ab39-4131-97f7-cba43b14cfda,AMAZON, Violates listing_status_id foreign key.
2a603da2-ac0f-4500-9245-bb17942688b2,AMAZON, Violates listing_status_id foreign key. Email address needs to be valid.
2f98503b-4fc7-4858-a7c5-79d51161df9f,EBAY, Email address needs to be valid.
4e8364b4-7e63-4d16-83ea-375b838da3e4,AMAZON, Email address needs to be valid.
29e726d7-07bc-4265-aba8-3a1120dab211,EBAY, Listing_price needs to be greater than 0 and can only have 2 decimals.
506e594b-f82e-4a57-81f2-6a1b07bd75fa,AMAZON, Violates listing_status_id foreign key.
84b71b59-7e24-4fdb-a8e1-c9f3ae5e9070,AMAZON, Violates listing_status_id foreign key.
db02354e-dfe4-4fb7-a474-c21e6622f152,EBAY, Email address needs to be valid.
101033d8-9a77-4819-a8fd-d67083a70ed4,AMAZON, Violates listing_status_id foreign key.
68f9dde4-2f91-4eca-a2c5-2bca99b825d5,AMAZON, Listing_price needs to be greater than 0 and can only have 2 decimals. Violates listing_status_id foreign key. Upload_time cannot be null.
a4455173-1c4b-4bae-bc23-4ffecb721127,AMAZON, Listing_price needs to be greater than 0 and can only have 2 decimals.
2eadff18-bb34-4996-b8da-5820d71182f5,EBAY, Listing_price needs to be greater than 0 and can only have 2 decimals. Violates listing_status_id foreign key.
74689764-1e35-48ff-bc3a-1ca0a110e2b1,EBAY, Violates listing_status_id foreign key.
ed47b98d-3da6-43f1-9daa-b891ddfbff7f,EBAY, Upload_time cannot be null.
06dce035-868a-4b1e-9f30-dcb936a77d49,EBAY, Upload_time cannot be null. Email address needs to be valid.
02f7b2ce-768f-4cca-8b13-be5aad39d4e4,EBAY, Email address needs to be valid.
9f025fad-b439-4de9-80c7-5e4d0c07ba0e,EBAY, Violates listing_status_id foreign key.
e07ce4d9-240c-49c2-8ee5-22149495f8eb,EBAY, Listing_price needs to be greater than 0 and can only have 2 decimals. Email address needs to be valid.
7b20bc06-f130-4e29-9585-7684a9b2974a,AMAZON, Violates listing_status_id foreign key.
770727cf-962c-47c7-bee3-44687b86e2ea,EBAY, Listing_price needs to be greater than 0 and can only have 2 decimals. Violates listing_status_id foreign key.
ed0ebdc7-2ac3-445a-8b24-5523239e4125,AMAZON, Violates listing_status_id foreign key. Upload_time cannot be null.
1a12122f-7e34-4527-ac83-d0557eaf1e2b,EBAY, Listing_price needs to be greater than 0 and can only have 2 decimals.
f6de707f-f8ee-46f4-b0eb-8bc7c949815b,EBAY, Listing_price needs to be greater than 0 and can only have 2 decimals. Violates listing_status_id foreign key. Email address needs to be valid.
fd6b2d84-474b-4cdf-91ea-e5182fb7af5c,AMAZON, Email address needs to be valid.
2a941d3e-cbf4-42ca-978e-b5c73482f81c,EBAY, Violates listing_status_id foreign key.
01864eb8-d46f-443a-8db7-40f56998d69e,AMAZON, Email address needs to be valid.
162538ed-966e-4a5c-aa91-0360e718ac01,EBAY, Violates listing_status_id foreign key. Email address needs to be valid.
f6298539-bb71-4e71-a92d-4d7cb185979f,EBAY, Upload_time cannot be null.
03925ce7-75e8-48dc-ae7f-a5c2dd0ca898,AMAZON, Email address needs to be valid.
e0a8ddc7-8cdc-432f-843b-8f44b59479f0,AMAZON, Violates listing_status_id foreign key.
5af15e0e-929e-4585-b770-7c419a8fb3c7,AMAZON, Listing_price needs to be greater than 0 and can only have 2 decimals. Violates listing_status_id foreign key. Email address needs to be valid.
29f38ec4-2a4a-4752-8b9e-a9aa7620385a,EBAY, Violates listing_status_id foreign key.
5a52a34e-2f17-4f09-be62-80b059406774,EBAY, Email address needs to be valid.
1c5f2345-3bf5-4447-9143-d29bdd24ef78,EBAY, Upload_time cannot be null.
42425799-7b8c-423e-917c-2fcbe7b4925e,EBAY, Upload_time cannot be null. Email address needs to be valid.
967dc2a8-dd1e-4de9-8f43-1504e6713c78,AMAZON, Violates listing_status_id foreign key.
9bde6996-91fd-4a8f-8efb-c7dae8c76ade,EBAY, Listing_price needs to be greater than 0 and can only have 2 decimals. Violates listing_status_id foreign key.
2b46e1e1-216c-4902-b994-2ed2f7358801,EBAY, Email address needs to be valid.
7bb6c26a-a43b-4651-aa96-62ddb656aabf,EBAY, Listing_price needs to be greater than 0 and can only have 2 decimals.
